region,ranking,deferred,saved,score
out,epistemic,0.0,1.0,0.019474690973745722
out,epistemic,0.02,0.98,0.018490787537544167
out,epistemic,0.04,0.96,0.017708285958930398
out,epistemic,0.06,0.94,0.016930302687941615
out,epistemic,0.08,0.92,0.01597326272865875
out,epistemic,0.1,0.9,0.01525973653345805
out,epistemic,0.12,0.88,0.014464688983194514
out,epistemic,0.14,0.86,0.013701760955800188
out,epistemic,0.16,0.84,0.013005838863948429
out,epistemic,0.18,0.82,0.012361081498727965
out,epistemic,0.2,0.8,0.011813071314638853
out,epistemic,0.22,0.78,0.011149729433868296
out,epistemic,0.24,0.76,0.010633352020594653
out,epistemic,0.26,0.74,0.010093456213738352
out,epistemic,0.28,0.72,0.009601839164646554
out,epistemic,0.3,0.7,0.009081082092144623
out,epistemic,0.32,0.68,0.008745554115697994
out,epistemic,0.34,0.66,0.008267968129257047
out,epistemic,0.36,0.64,0.007864554019889163
out,epistemic,0.38,0.62,0.007394170235161637
out,epistemic,0.4,0.6,0.007017723268676517
out,epistemic,0.42,0.58,0.00660043569469461
out,epistemic,0.44,0.56,0.006258967625473269
out,epistemic,0.46,0.54,0.0059412808398531716
out,epistemic,0.48,0.52,0.0055344949992754055
out,epistemic,0.5,0.5,0.005254134438647342
out,epistemic,0.52,0.48,0.00493377428963011
out,epistemic,0.54,0.46,0.004602449768410844
out,epistemic,0.56,0.44,0.0043680077921516135
out,epistemic,0.58,0.42,0.004084675554480247
out,epistemic,0.6,0.4,0.003834879490910507
out,epistemic,0.62,0.38,0.0036195368290474197
out,epistemic,0.64,0.36,0.0033777959734587713
out,epistemic,0.66,0.34,0.003117266883483226
out,epistemic,0.68,0.32,0.0028830993557201405
out,epistemic,0.7,0.3,0.002638672962066793
out,epistemic,0.72,0.28,0.00241180131494402
out,epistemic,0.74,0.26,0.0021963323978652655
out,epistemic,0.76,0.24,0.001988940882539842
out,epistemic,0.78,0.22,0.0018167201215858874
out,epistemic,0.8,0.2,0.0016318961164216769
out,epistemic,0.82,0.18,0.0014533402706298417
out,epistemic,0.84,0.16,0.0012535868907707333
out,epistemic,0.86,0.14,0.0010949386886365217
out,epistemic,0.88,0.12,0.0009042790003713495
out,epistemic,0.9,0.1,0.0007324366568347422
out,epistemic,0.92,0.08,0.0005648834023323315
out,epistemic,0.94,0.06,0.0004232144113946794
out,epistemic,0.96,0.04,0.00028994771112317075
out,epistemic,0.98,0.02,0.00015777500710708844
out,epistemic,1.0,0.0,0.0
out,aleatoric,0.0,1.0,0.019474690973745726
out,aleatoric,0.02,0.98,0.018564160554100803
out,aleatoric,0.04,0.96,0.017538954496259643
out,aleatoric,0.06,0.94,0.0165543549444854
out,aleatoric,0.08,0.92,0.015574079065648458
out,aleatoric,0.1,0.9,0.014661531826538655
out,aleatoric,0.12,0.88,0.0140098672515073
out,aleatoric,0.14,0.86,0.013368099152803598
out,aleatoric,0.16,0.84,0.012832790215667028
out,aleatoric,0.18,0.82,0.012334083721007305
out,aleatoric,0.2,0.8,0.011747360206289683
out,aleatoric,0.22,0.78,0.011273047047950402
out,aleatoric,0.24,0.76,0.010790878047334649
out,aleatoric,0.26,0.74,0.010301936175890678
out,aleatoric,0.28,0.72,0.009809441543522894
out,aleatoric,0.3,0.7,0.00935051713772269
out,aleatoric,0.32,0.68,0.008938781778641408
out,aleatoric,0.34,0.66,0.008489146054524789
out,aleatoric,0.36,0.64,0.008041184568928897
out,aleatoric,0.38,0.62,0.007585311703057123
out,aleatoric,0.4,0.6,0.007185077481171314
out,aleatoric,0.42,0.58,0.006752285189441251
out,aleatoric,0.44,0.56,0.006353320719932806
out,aleatoric,0.46,0.54,0.00587763027966743
out,aleatoric,0.48,0.52,0.005512929187823672
out,aleatoric,0.5,0.5,0.00515394659020808
out,aleatoric,0.52,0.48,0.004743710098302452
out,aleatoric,0.54,0.46,0.004467002336099697
out,aleatoric,0.56,0.44,0.004131297018345205
out,aleatoric,0.58,0.42,0.003831307996296116
out,aleatoric,0.6,0.4,0.003546464081951574
out,aleatoric,0.62,0.38,0.0032334473127236907
out,aleatoric,0.64,0.36,0.00300875518628688
out,aleatoric,0.66,0.34,0.002790833103514409
out,aleatoric,0.68,0.32,0.002553140565949722
out,aleatoric,0.7,0.3,0.0023241858296534127
out,aleatoric,0.72,0.28,0.002083598916816223
out,aleatoric,0.74,0.26,0.0018810573114219728
out,aleatoric,0.76,0.24,0.0017022190822673095
out,aleatoric,0.78,0.22,0.0015448811728788945
out,aleatoric,0.8,0.2,0.0013644789969693364
out,aleatoric,0.82,0.18,0.0012191053849959501
out,aleatoric,0.84,0.16,0.0010579247448098351
out,aleatoric,0.86,0.14,0.0009209512587485252
out,aleatoric,0.88,0.12,0.0007749193981381559
out,aleatoric,0.9,0.1,0.0006420634835138951
out,aleatoric,0.92,0.08,0.0005076422584814025
out,aleatoric,0.94,0.06,0.00036322182076451126
out,aleatoric,0.96,0.04,0.00023603781110566113
out,aleatoric,0.98,0.02,0.00011205179975625216
out,aleatoric,1.0,0.0,0.0
out,total,0.0,1.0,0.0194746909737457
out,total,0.02,0.98,0.018502352212864726
out,total,0.04,0.96,0.017502069815191486
out,total,0.06,0.94,0.016541854620897384
out,total,0.08,0.92,0.015583045681730537
out,total,0.1,0.9,0.014673659280664015
out,total,0.12,0.88,0.013785234466493813
out,total,0.14,0.86,0.013170249082409087
out,total,0.16,0.84,0.012595658008855244
out,total,0.18,0.82,0.012055117372404785
out,total,0.2,0.8,0.011498738738878203
out,total,0.22,0.78,0.010929522658600178
out,total,0.24,0.76,0.010460495309820291
out,total,0.26,0.74,0.009967660272940234
out,total,0.28,0.72,0.009436233898085655
out,total,0.3,0.7,0.008920660016647293
out,total,0.32,0.68,0.008402254891797887
out,total,0.34,0.66,0.007979426124197326
out,total,0.36,0.64,0.007560439367299417
out,total,0.38,0.62,0.007196059876946069
out,total,0.4,0.6,0.0067696496866765585
out,total,0.42,0.58,0.0064241676451450855
out,total,0.44,0.56,0.006073776443430181
out,total,0.46,0.54,0.005696609392320223
out,total,0.48,0.52,0.005317215503212411
out,total,0.5,0.5,0.004968248306064933
out,total,0.52,0.48,0.004612688074013578
out,total,0.54,0.46,0.004312001752719253
out,total,0.56,0.44,0.004067882250137792
out,total,0.58,0.42,0.0038321805138960855
out,total,0.6,0.4,0.0035907302908724623
out,total,0.62,0.38,0.003280014511895985
out,total,0.64,0.36,0.003024921773755679
out,total,0.66,0.34,0.0028046103461822863
out,total,0.68,0.32,0.002574795742103149
out,total,0.7,0.3,0.00235313117795159
out,total,0.72,0.28,0.002168262487191436
out,total,0.74,0.26,0.00195349681632644
out,total,0.76,0.24,0.0017657416398260176
out,total,0.78,0.22,0.0015856831067435912
out,total,0.8,0.2,0.001398734794678587
out,total,0.82,0.18,0.001218149405297719
out,total,0.84,0.16,0.0010636004498248862
out,total,0.86,0.14,0.0008971808048847481
out,total,0.88,0.12,0.0007490096815435564
out,total,0.9,0.1,0.0006077725664953557
out,total,0.92,0.08,0.0004803354568072297
out,total,0.94,0.06,0.00035397064515091446
out,total,0.96,0.04,0.00023214272486191546
out,total,0.98,0.02,0.00010587991686159276
out,total,1.0,0.0,0.0
out,random,0.0,1.0,0.01947469097374574
out,random,0.02,0.98,0.019086360994756312
out,random,0.04,0.96,0.018700570389846467
out,random,0.06,0.94,0.018310933272077473
out,random,0.08,0.92,0.017914595778853768
out,random,0.1,0.9,0.0175231321381539
out,random,0.12,0.88,0.017139493892490306
out,random,0.14,0.86,0.01674649688505204
out,random,0.16,0.84,0.016364132383488883
out,random,0.18,0.82,0.015968582092877156
out,random,0.2,0.8,0.015564214735993932
out,random,0.22,0.78,0.015168241060789019
out,random,0.24,0.76,0.014775841127887086
out,random,0.26,0.74,0.014384935547138045
out,random,0.28,0.72,0.013985787289250415
out,random,0.3,0.7,0.01358325731614691
out,random,0.32,0.68,0.013194158411719266
out,random,0.34,0.66,0.01280721163396375
out,random,0.36,0.64,0.012430181927214488
out,random,0.38,0.62,0.01204543964458555
out,random,0.4,0.6,0.011661846923243815
out,random,0.42,0.58,0.01127668833719272
out,random,0.44,0.56,0.010896810717835704
out,random,0.46,0.54,0.010510018133031797
out,random,0.48,0.52,0.010128939488780273
out,random,0.5,0.5,0.00973830458864592
out,random,0.52,0.48,0.009343321020050383
out,random,0.54,0.46,0.008955211961975258
out,random,0.56,0.44,0.008574331204249538
out,random,0.58,0.42,0.008186004782456685
out,random,0.6,0.4,0.007794879252259285
out,random,0.62,0.38,0.007413719061077653
out,random,0.64,0.36,0.007017711583783484
out,random,0.66,0.34,0.006636900334237784
out,random,0.68,0.32,0.006242922822015444
out,random,0.7,0.3,0.005853305760053692
out,random,0.72,0.28,0.005465597141227947
out,random,0.74,0.26,0.005065812972854777
out,random,0.76,0.24,0.004670761558630386
out,random,0.78,0.22,0.0042681196636494825
out,random,0.8,0.2,0.003873749355717576
out,random,0.82,0.18,0.003496833074150814
out,random,0.84,0.16,0.0031033230432475647
out,random,0.86,0.14,0.0027197176906318776
out,random,0.88,0.12,0.0023256310213508095
out,random,0.9,0.1,0.0019412658822425522
out,random,0.92,0.08,0.001543920430965318
out,random,0.94,0.06,0.0011667462175007188
out,random,0.96,0.04,0.0007814122750671571
out,random,0.98,0.02,0.0003923361310041912
out,random,1.0,0.0,0.0
out,oracle,0.0,1.0,0.01947469097374573
out,oracle,0.02,0.98,0.017017605411908214
out,oracle,0.04,0.96,0.015169271926260143
out,oracle,0.06,0.94,0.013679104971049162
out,oracle,0.08,0.92,0.012454631705792986
out,oracle,0.1,0.9,0.011443783270109168
out,oracle,0.12,0.88,0.010572075649567296
out,oracle,0.14,0.86,0.00980369861840858
out,oracle,0.16,0.84,0.00910743980600085
out,oracle,0.18,0.82,0.008486757678012121
out,oracle,0.2,0.8,0.007920938727502394
out,oracle,0.22,0.78,0.007404271050473317
out,oracle,0.24,0.76,0.006925459096940058
out,oracle,0.26,0.74,0.006482079650361579
out,oracle,0.28,0.72,0.0060723310971134556
out,oracle,0.3,0.7,0.005685004927315628
out,oracle,0.32,0.68,0.005325959687666606
out,oracle,0.34,0.66,0.004987079588877098
out,oracle,0.36,0.64,0.0046686929253243565
out,oracle,0.38,0.62,0.004367822959256457
out,oracle,0.4,0.6,0.004085285852413254
out,oracle,0.42,0.58,0.0038202545260876226
out,oracle,0.44,0.56,0.00357027511076415
out,oracle,0.46,0.54,0.0033330536736051624
out,oracle,0.48,0.52,0.0031092921072923647
out,oracle,0.5,0.5,0.0028980844354851766
out,oracle,0.52,0.48,0.0026980027342071123
out,oracle,0.54,0.46,0.002509516283458448
out,oracle,0.56,0.44,0.002329846607334049
out,oracle,0.58,0.42,0.002158615374325233
out,oracle,0.6,0.4,0.001995878811520217
out,oracle,0.62,0.38,0.0018411035386592031
out,oracle,0.64,0.36,0.0016946120400168979
out,oracle,0.66,0.34,0.0015555451591331229
out,oracle,0.68,0.32,0.0014232026975913115
out,oracle,0.7,0.3,0.0012961864965400308
out,oracle,0.72,0.28,0.0011771918184457374
out,oracle,0.74,0.26,0.0010649832442666404
out,oracle,0.76,0.24,0.00095798187848394
out,oracle,0.78,0.22,0.0008558188038626541
out,oracle,0.8,0.2,0.0007585953871208764
out,oracle,0.82,0.18,0.0006655476600881926
out,oracle,0.84,0.16,0.0005766684456915211
out,oracle,0.86,0.14,0.0004915833069379481
out,oracle,0.88,0.12,0.000409975440077097
out,oracle,0.9,0.1,0.00033201344104058164
out,oracle,0.92,0.08,0.0002567132182841526
out,oracle,0.94,0.06,0.00018574464461281436
out,oracle,0.96,0.04,0.00011887118474170434
out,oracle,0.98,0.02,5.650349392275636e-05
out,oracle,1.0,0.0,0.0
in,epistemic,0.0,1.0,0.005443035682936378
in,epistemic,0.02,0.98,0.0050035041045755815
in,epistemic,0.04,0.96,0.004766726566668569
in,epistemic,0.06,0.94,0.004575520054744815
in,epistemic,0.08,0.92,0.004354944119768822
in,epistemic,0.1,0.9,0.004135205794823736
in,epistemic,0.12,0.88,0.003926838749658381
in,epistemic,0.14,0.86,0.0037512327043309934
in,epistemic,0.16,0.84,0.0035797355982021975
in,epistemic,0.18,0.82,0.0034234132687341215
in,epistemic,0.2,0.8,0.0032502415229296237
in,epistemic,0.22,0.78,0.00310628550146391
in,epistemic,0.24,0.76,0.002949422016946969
in,epistemic,0.26,0.74,0.0027996455294085833
in,epistemic,0.28,0.72,0.0026688901755195222
in,epistemic,0.3,0.7,0.0025512433277145195
in,epistemic,0.32,0.68,0.0024258785857719793
in,epistemic,0.34,0.66,0.0022760821032230833
in,epistemic,0.36,0.64,0.002161562497156068
in,epistemic,0.38,0.62,0.0020460380995081916
in,epistemic,0.4,0.6,0.0019420513194817251
in,epistemic,0.42,0.58,0.0018418597273552673
in,epistemic,0.44,0.56,0.0017445873755224561
in,epistemic,0.46,0.54,0.001654427856487422
in,epistemic,0.48,0.52,0.001560270753797749
in,epistemic,0.5,0.5,0.0014674858053360163
in,epistemic,0.52,0.48,0.0013893378214878565
in,epistemic,0.54,0.46,0.001310266737776625
in,epistemic,0.56,0.44,0.0012359649448638078
in,epistemic,0.58,0.42,0.0011667671399493765
in,epistemic,0.6,0.4,0.0010856717847812873
in,epistemic,0.62,0.38,0.0010139413215833057
in,epistemic,0.64,0.36,0.0009495698182534607
in,epistemic,0.66,0.34,0.0008877172695812964
in,epistemic,0.68,0.32,0.0008269800408518166
in,epistemic,0.7,0.3,0.0007654344450259214
in,epistemic,0.72,0.28,0.0006998277528911426
in,epistemic,0.74,0.26,0.0006411472722847734
in,epistemic,0.76,0.24,0.0005839382281971224
in,epistemic,0.78,0.22,0.0005272890222685623
in,epistemic,0.8,0.2,0.0004715552171747903
in,epistemic,0.82,0.18,0.0004198401583453536
in,epistemic,0.84,0.16,0.00036749197718107966
in,epistemic,0.86,0.14,0.00031338092172341985
in,epistemic,0.88,0.12,0.0002642949962861974
in,epistemic,0.9,0.1,0.00021704840922532752
in,epistemic,0.92,0.08,0.00017036269650974064
in,epistemic,0.94,0.06,0.00012071102147489442
in,epistemic,0.96,0.04,7.943080661585509e-05
in,epistemic,0.98,0.02,3.67245453586876e-05
in,epistemic,1.0,0.0,0.0
in,aleatoric,0.0,1.0,0.005443035682936377
in,aleatoric,0.02,0.98,0.0050087715963225395
in,aleatoric,0.04,0.96,0.004772697070863017
in,aleatoric,0.06,0.94,0.0045318867479046945
in,aleatoric,0.08,0.92,0.004341289867838768
in,aleatoric,0.1,0.9,0.004154942671470802
in,aleatoric,0.12,0.88,0.00395140960652545
in,aleatoric,0.14,0.86,0.003734999197634742
in,aleatoric,0.16,0.84,0.0035528386239311307
in,aleatoric,0.18,0.82,0.003386335583477157
in,aleatoric,0.2,0.8,0.0031942372631929626
in,aleatoric,0.22,0.78,0.0030249221224651675
in,aleatoric,0.24,0.76,0.002875595698686455
in,aleatoric,0.26,0.74,0.0027258569797124197
in,aleatoric,0.28,0.72,0.0025807105341916427
in,aleatoric,0.3,0.7,0.002458176599462388
in,aleatoric,0.32,0.68,0.002318317960726204
in,aleatoric,0.34,0.66,0.0022008422151215505
in,aleatoric,0.36,0.64,0.0020780758623100536
in,aleatoric,0.38,0.62,0.001958548313130474
in,aleatoric,0.4,0.6,0.0018543715530193298
in,aleatoric,0.42,0.58,0.0017567719080356012
in,aleatoric,0.44,0.56,0.0016497784978829434
in,aleatoric,0.46,0.54,0.0015643717944758084
in,aleatoric,0.48,0.52,0.0014776391165768098
in,aleatoric,0.5,0.5,0.0014051441373072369
in,aleatoric,0.52,0.48,0.0013206555026869253
in,aleatoric,0.54,0.46,0.001242735389713868
in,aleatoric,0.56,0.44,0.001164387523657988
in,aleatoric,0.58,0.42,0.0010862653266130937
in,aleatoric,0.6,0.4,0.0010131529532052892
in,aleatoric,0.62,0.38,0.0009470857910392954
in,aleatoric,0.64,0.36,0.0008814939885794634
in,aleatoric,0.66,0.34,0.0008235772070406161
in,aleatoric,0.68,0.32,0.0007622437772365207
in,aleatoric,0.7,0.3,0.0007005966964704554
in,aleatoric,0.72,0.28,0.000644494208288638
in,aleatoric,0.74,0.26,0.0005862768869205581
in,aleatoric,0.76,0.24,0.0005219218136568158
in,aleatoric,0.78,0.22,0.0004678211848884864
in,aleatoric,0.8,0.2,0.0004195236474665511
in,aleatoric,0.82,0.18,0.0003703749779452837
in,aleatoric,0.84,0.16,0.0003258751725984448
in,aleatoric,0.86,0.14,0.00028018284262016426
in,aleatoric,0.88,0.12,0.0002365121348870446
in,aleatoric,0.9,0.1,0.00018947661897058515
in,aleatoric,0.92,0.08,0.00014736744294491743
in,aleatoric,0.94,0.06,0.00011010619968463195
in,aleatoric,0.96,0.04,7.22510398144458e-05
in,aleatoric,0.98,0.02,3.0361936823708984e-05
in,aleatoric,1.0,0.0,0.0
in,total,0.0,1.0,0.005443035682936381
in,total,0.02,0.98,0.00501083759886977
in,total,0.04,0.96,0.004747153982478593
in,total,0.06,0.94,0.004522324617738846
in,total,0.08,0.92,0.004309376564262966
in,total,0.1,0.9,0.004083308507922923
in,total,0.12,0.88,0.003904294368657477
in,total,0.14,0.86,0.0037335192158843102
in,total,0.16,0.84,0.003534669185247027
in,total,0.18,0.82,0.0033476591372550526
in,total,0.2,0.8,0.0031786403231832787
in,total,0.22,0.78,0.0030174572321078064
in,total,0.24,0.76,0.0028537898944215436
in,total,0.26,0.74,0.002704108681585522
in,total,0.28,0.72,0.002558895241111419
in,total,0.3,0.7,0.0024213017639877843
in,total,0.32,0.68,0.002302796424554947
in,total,0.34,0.66,0.0021819082396210203
in,total,0.36,0.64,0.002067655361274814
in,total,0.38,0.62,0.0019541683065030895
in,total,0.4,0.6,0.0018499894451824996
in,total,0.42,0.58,0.0017476606964755982
in,total,0.44,0.56,0.0016535506392212813
in,total,0.46,0.54,0.0015623248403366797
in,total,0.48,0.52,0.0014698133226897108
in,total,0.5,0.5,0.0013852293606952944
in,total,0.52,0.48,0.0012931335154153952
in,total,0.54,0.46,0.0012201932590276924
in,total,0.56,0.44,0.001142983414780999
in,total,0.58,0.42,0.0010728131578366768
in,total,0.6,0.4,0.0010026171160402767
in,total,0.62,0.38,0.0009376044858247403
in,total,0.64,0.36,0.0008742212925688761
in,total,0.66,0.34,0.0008098282344700165
in,total,0.68,0.32,0.0007500551312706393
in,total,0.7,0.3,0.0006971240229585776
in,total,0.72,0.28,0.0006408412619133758
in,total,0.74,0.26,0.0005840739108619957
in,total,0.76,0.24,0.0005236618962177451
in,total,0.78,0.22,0.0004725243024216369
in,total,0.8,0.2,0.0004179063830506922
in,total,0.82,0.18,0.0003661474030434159
in,total,0.84,0.16,0.00031934681184401224
in,total,0.86,0.14,0.0002763574643863989
in,total,0.88,0.12,0.00023350517836268948
in,total,0.9,0.1,0.0001917111879103139
in,total,0.92,0.08,0.00014713780217889068
in,total,0.94,0.06,0.0001070939212824296
in,total,0.96,0.04,6.768643085704774e-05
in,total,0.98,0.02,3.097911544116844e-05
in,total,1.0,0.0,0.0
in,random,0.0,1.0,0.005443035682936368
in,random,0.02,0.98,0.005337413995412476
in,random,0.04,0.96,0.005225790948782105
in,random,0.06,0.94,0.005115804362941499
in,random,0.08,0.92,0.00500362617091983
in,random,0.1,0.9,0.004894830601256155
in,random,0.12,0.88,0.0047862828101509144
in,random,0.14,0.86,0.004678243482247209
in,random,0.16,0.84,0.004567273522722134
in,random,0.18,0.82,0.004458907963477579
in,random,0.2,0.8,0.00434729266214289
in,random,0.22,0.78,0.004239775287480006
in,random,0.24,0.76,0.0041271842414711156
in,random,0.26,0.74,0.004021586441880522
in,random,0.28,0.72,0.003909463085727781
in,random,0.3,0.7,0.0038014903273289667
in,random,0.32,0.68,0.003693354703281723
in,random,0.34,0.66,0.003588569211022197
in,random,0.36,0.64,0.003481604186160408
in,random,0.38,0.62,0.003373536927340734
in,random,0.4,0.6,0.0032652621712193366
in,random,0.42,0.58,0.0031549065529638694
in,random,0.44,0.56,0.0030438181001390206
in,random,0.46,0.54,0.002936690336328955
in,random,0.48,0.52,0.0028242825419077765
in,random,0.5,0.5,0.002714995030860255
in,random,0.52,0.48,0.002604842659227859
in,random,0.54,0.46,0.0024984416006996165
in,random,0.56,0.44,0.002390910466911371
in,random,0.58,0.42,0.002283756412746077
in,random,0.6,0.4,0.00217502546191922
in,random,0.62,0.38,0.0020642281359246036
in,random,0.64,0.36,0.0019544018126697966
in,random,0.66,0.34,0.0018439134043323987
in,random,0.68,0.32,0.0017365296743293154
in,random,0.7,0.3,0.0016259648668070178
in,random,0.72,0.28,0.001523612550722402
in,random,0.74,0.26,0.0014109225275078894
in,random,0.76,0.24,0.0013058786865079012
in,random,0.78,0.22,0.0011975088496496218
in,random,0.8,0.2,0.0010897437369529997
in,random,0.82,0.18,0.0009814997644494
in,random,0.84,0.16,0.000870004194594296
in,random,0.86,0.14,0.0007601467023578933
in,random,0.88,0.12,0.0006494191453295861
in,random,0.9,0.1,0.0005419783306279648
in,random,0.92,0.08,0.00043207707471499336
in,random,0.94,0.06,0.0003245025632987244
in,random,0.96,0.04,0.0002163414000131933
in,random,0.98,0.02,0.00010987143910835197
in,random,1.0,0.0,0.0
in,oracle,0.0,1.0,0.005443035682936368
in,oracle,0.02,0.98,0.004674367761111037
in,oracle,0.04,0.96,0.004247497789095059
in,oracle,0.06,0.94,0.003920852566069178
in,oracle,0.08,0.92,0.003649326100057949
in,oracle,0.1,0.9,0.00341723469305253
in,oracle,0.12,0.88,0.003208175458082565
in,oracle,0.14,0.86,0.0030217001106668992
in,oracle,0.16,0.84,0.0028498722173011743
in,oracle,0.18,0.82,0.0026964759306225402
in,oracle,0.2,0.8,0.002554690309447248
in,oracle,0.22,0.78,0.002424590576917158
in,oracle,0.24,0.76,0.002300546821543547
in,oracle,0.26,0.74,0.0021846390566459886
in,oracle,0.28,0.72,0.0020747097922956047
in,oracle,0.3,0.7,0.0019715618653726175
in,oracle,0.32,0.68,0.0018717606192203645
in,oracle,0.34,0.66,0.001777562112305968
in,oracle,0.36,0.64,0.0016859260456371962
in,oracle,0.38,0.62,0.0015993197763458098
in,oracle,0.4,0.6,0.0015155253313529253
in,oracle,0.42,0.58,0.0014357693744104607
in,oracle,0.44,0.56,0.0013580074181710178
in,oracle,0.46,0.54,0.0012836931999816472
in,oracle,0.48,0.52,0.0012111078292015944
in,oracle,0.5,0.5,0.0011419845977009868
in,oracle,0.52,0.48,0.0010752782857344771
in,oracle,0.54,0.46,0.0010105329272880376
in,oracle,0.56,0.44,0.0009488905807069335
in,oracle,0.58,0.42,0.0008884190408905392
in,oracle,0.6,0.4,0.0008307078140478416
in,oracle,0.62,0.38,0.0007744614819174876
in,oracle,0.64,0.36,0.0007209123767440195
in,oracle,0.66,0.34,0.0006684001801066856
in,oracle,0.68,0.32,0.0006181738867563696
in,oracle,0.7,0.3,0.0005687032071545767
in,oracle,0.72,0.28,0.000521380551529306
in,oracle,0.74,0.26,0.00047506988932729383
in,oracle,0.76,0.24,0.0004306919077369457
in,oracle,0.78,0.22,0.00038719180869955204
in,oracle,0.8,0.2,0.00034534033856268074
in,oracle,0.82,0.18,0.0003041281944742104
in,oracle,0.84,0.16,0.00026473391243603977
in,oracle,0.86,0.14,0.00022620799638638336
in,oracle,0.88,0.12,0.00018953209654104663
in,oracle,0.9,0.1,0.00015407677297229607
in,oracle,0.92,0.08,0.00012045986030585312
in,oracle,0.94,0.06,8.76424995343131e-05
in,oracle,0.96,0.04,5.654065545846362e-05
in,oracle,0.98,0.02,2.686426219029144e-05
in,oracle,1.0,0.0,0.0
